Workbook
Name Cycle1End: 'Scenario Inputs'!$L$3
Name Cycle2End: 'Scenario Inputs'!$L$4
Name Cycle3End: 'Scenario Inputs'!$L$5
Name TotalLife: 'Scenario Inputs'!$L$2

Sheet Scenario Inputs
A1: Component | B1: Initial Life | C1: Refurb Allowed | D1: Refurb Life Extension | E1: Number of Instances | F1: Effective Life | G1: Instances Check | H1: Manufacturing (kgCO2eq) | I1: EOL Disposal (kgCO2eq) | J1: Refurbishment (kgCO2eq) | K1: Column1 | L1: Column2
A2: Part A | B2: 10 | C2: TRUE | D2: 20 | E2: =CEILING($L$2 / tblScenario[[#This Row],[Effective Life]], 1) -> 1 | F2: =tblScenario[[#This Row],[Initial Life]] + IF(tblScenario[[#This Row],[Refurb Allowed]], tblScenario[[#This Row],[Refurb Life Extension]], 0) -> 30 | G2: =IF(COUNTIF('Component Info'!A:A, A2)=E2, COUNTIF('Component Info'!A:A, A2), "Mismatch") -> 1 | H2: 10 | I2: 2 | J2: 5 | K2: Total Length of All Cycles | L2: =SUM(L6:L8) -> 30
A3: Part B | B3: 10 | C3: TRUE | D3: 20 | E3: =CEILING($L$2 / tblScenario[[#This Row],[Effective Life]], 1) -> 1 | F3: =tblScenario[[#This Row],[Initial Life]] + IF(tblScenario[[#This Row],[Refurb Allowed]], tblScenario[[#This Row],[Refurb Life Extension]], 0) -> 30 | G3: =IF(COUNTIF('Component Info'!A:A, A3)=E3, COUNTIF('Component Info'!A:A, A3), "Mismatch") -> 1 | H3: 10 | I3: 2 | J3: 5 | K3: End of Cycle 1 | L3: =L6 -> 10
A4: Part C | B4: 10 | C4: TRUE | D4: 20 | E4: =CEILING($L$2 / tblScenario[[#This Row],[Effective Life]], 1) -> 1 | F4: =tblScenario[[#This Row],[Initial Life]] + IF(tblScenario[[#This Row],[Refurb Allowed]], tblScenario[[#This Row],[Refurb Life Extension]], 0) -> 30 | G4: =IF(COUNTIF('Component Info'!A:A, A4)=E4, COUNTIF('Component Info'!A:A, A4), "Mismatch") -> 1 | H4: 10 | I4: 2 | J4: 5 | K4: End of Cycle 2 | L4: =SUM(L6:L7) -> 20
A5: Part D | B5: 10 | C5: TRUE | D5: 20 | E5: =CEILING($L$2 / tblScenario[[#This Row],[Effective Life]], 1) -> 1 | F5: =tblScenario[[#This Row],[Initial Life]] + IF(tblScenario[[#This Row],[Refurb Allowed]], tblScenario[[#This Row],[Refurb Life Extension]], 0) -> 30 | G5: =IF(COUNTIF('Component Info'!A:A, A5)=E5, COUNTIF('Component Info'!A:A, A5), "Mismatch") -> 1 | H5: 10 | I5: 2 | J5: 5 | K5: End of Cycle 3 | L5: =SUM(L6:L8) -> 30
A6: Part E | B6: 10 | C6: TRUE | D6: 20 | E6: =CEILING($L$2 / tblScenario[[#This Row],[Effective Life]], 1) -> 1 | F6: =tblScenario[[#This Row],[Initial Life]] + IF(tblScenario[[#This Row],[Refurb Allowed]], tblScenario[[#This Row],[Refurb Life Extension]], 0) -> 30 | G6: =IF(COUNTIF('Component Info'!A:A, A6)=E6, COUNTIF('Component Info'!A:A, A6), "Mismatch") -> 1 | H6: 10 | I6: 2 | J6: 5 | K6: Cycle 1 Length | L6: 10
A7: Part F | B7: 10 | C7: TRUE | D7: 20 | E7: =CEILING($L$2 / tblScenario[[#This Row],[Effective Life]], 1) -> 1 | F7: =tblScenario[[#This Row],[Initial Life]] + IF(tblScenario[[#This Row],[Refurb Allowed]], tblScenario[[#This Row],[Refurb Life Extension]], 0) -> 30 | G7: =IF(COUNTIF('Component Info'!A:A, A7)=E7, COUNTIF('Component Info'!A:A, A7), "Mismatch") -> 1 | H7: 10 | I7: 2 | J7: 5 | K7: Cycle 2 Length | L7: 10
A8: Part G | B8: 10 | C8: TRUE | D8: 20 | E8: =CEILING($L$2 / tblScenario[[#This Row],[Effective Life]], 1) -> 1 | F8: =tblScenario[[#This Row],[Initial Life]] + IF(tblScenario[[#This Row],[Refurb Allowed]], tblScenario[[#This Row],[Refurb Life Extension]], 0) -> 30 | G8: =IF(COUNTIF('Component Info'!A:A, A8)=E8, COUNTIF('Component Info'!A:A, A8), "Mismatch") -> 1 | H8: 10 | I8: 2 | J8: 5 | K8: Cycle 3 Length | L8: 10
K9: Total Number of Cycles | L9: 3

Sheet Component Info
O1: CELD Calculation Helper Columns (Hide) | U1: Circular Economy Linear Digression (CELD) Approach | AG1: Cut-off/Equal Split Calculation Helper Columns (Hide) | AJ1: Cut-off (100-0) Approach | AW1: Equal Distribution (n cycles) Approach
A2: Component | B2: InstanceID | C2: Start | D2: End | E2: EndTrunc | F2: ActiveYears (V) | G2: Cycle 1 | H2: Cycle 2 | I2: Cycle 3 | J2: Manufacturing (kgCO2eq) | K2: EOL Disposal (kgCO2eq) | L2: Refurbishing (kgCO2eq) | M2: Number Refurbs | N2: h0 | O2: h1 | P2: h2 | Q2: f1 | R2: f2 | S2: f3 | T2: CHECK | U2: Manufacturing Cycle 1 | V2: Manufacturing Cycle 2 | W2: Manufacturing Cycle 3 | X2: SUM TOTAL4 | Y2: EOL Disposal Cycle 1 | Z2: EOL Disposal Cycle 2 | AA2: EOL Disposal Cycle 3 | AB2: SUM TOTAL | AC2: Refurb Impact Cycle 1 | AD2: Refurb Impact Cycle 2 | AE2: Refurb Impact Cycle 3 | AG2: n Cycles Used | AH2: Check Used Cycle 1&2 | AI2: Check Used Cycle 2&3 | AJ2: Manufacturing Cycle 1 | AK2: Manufacturing Cycle 2 | AL2: Manufacturing Cycle 3 | AM2: SUM TOTAL4 | AN2: EOL Disposal Cycle 1 | AO2: EOL Disposal Cycle 2 | AP2: EOL Disposal Cycle 3 | AQ2: SUM TOTAL | AR2: SUM TOTAL6 | AS2: Refurb Impact Cycle 1 | AT2: Refurb Impact Cycle 2 | AU2: Refurb Impact Cycle 3 | AW2: Manufacturing Cycle 1 | AX2: Manufacturing Cycle 2 | AY2: Manufacturing Cycle 3 | AZ2: SUM TOTAL4 | BA2: EOL Disposal Cycle 1 | BB2: EOL Disposal Cycle 2 | BC2: EOL Disposal Cycle 3 | BD2: SUM TOTAL | BE2: SUM TOTAL6 | BF2: Refurb Impact Cycle 1 | BG2: Refurb Impact Cycle 2 | BH2: Refurb Impact Cycle 3
A3: {=_xlfn._xlws.FILTER( TRANSPOSE( _xlfn.TEXTSPLIT( _xlfn.TEXTJOIN("|", TRUE, IF(tblScenario[Number of Instances]>0, REPT(tblScenario[Component] & "|", tblScenario[Number of Instances]), "")), "|" ) ), TRANSPOSE( _xlfn.TEXTSPLIT( _xlfn.TEXTJOIN("|", TRUE, IF(tblScenario[Number of Instances]>0, REPT(tblScenario[Component] & "|", tblScenario[Number of Instances]), "")), "|" ) )<>"" )} -> Part A | B3: =IF(A3="", "", COUNTIF($A$3:A3, A3)) -> 1 | C3: =IF(B3=1, 0, D2) -> 0 | D3: =C3 + _xlfn.XLOOKUP(A3, tblScenario[Component], tblScenario[Effective Life]) -> 30 | E3: =MIN(D3, TotalLife) -> 30 | F3: =E3 - C3 -> 30 | G3: =MAX(0, MIN(E3, Cycle1End) - MAX(C3, 0)) -> 10 | H3: =MAX(0, MIN(E3, Cycle2End) - MAX(C3, Cycle1End)) -> 10 | I3: =MAX(0, MIN(E3, Cycle3End) - MAX(C3, Cycle2End)) -> 10 | J3: =_xlfn.XLOOKUP(A3, tblScenario[Component], tblScenario[Manufacturing (kgCO2eq) ]) -> 10 | K3: =_xlfn.XLOOKUP(A3, tblScenario[Component], tblScenario[EOL Disposal (kgCO2eq)]) -> 2 | L3: =_xlfn.XLOOKUP(A3, tblScenario[Component], tblScenario[Refurbishment (kgCO2eq)],"") -> 5 | M3: =IF(G3>0,H3>0,0) + IF(H3>0,I3>0,0) -> 2 | N3: =2/$F3 -> 0.066666667 | O3: =((H3+I3)/F3)*N3 -> 0.044444444 | P3: =I3/F3*N3 -> 0.022222222 | Q3: =0.5*(N3+O3)*G3 -> 0.55555556 | R3: =0.5*(O3+P3)*H3 -> 0.33333333 | S3: =0.5*(P3)*I3 -> 0.11111111 | T3: =SUM(Q3:S3) -> 1 | U3: =$Q3*$J3 -> 5.5555556 | V3: =$R3*$J3 -> 3.3333333 | W3: =$S3*$J3 -> 1.1111111 | X3: =SUM(U3:W3) -> 10 | Y3: =IF(Q3=1,K3,IF(Q3=0,0,IF(R3=0,0,IF(S3=0,R3*K3,S3*K3)))) -> 0.22222222 | Z3: =IF(R3=1,K3,IF(R3=0,0,IF(Q3=0,S3*K3,IF(S3=0,Q3*K3,R3*K3)))) -> 0.66666667 | AA3: =IF(S3=0, 0, IF(R3=0, S3*K3, IF(Q3=0, R3*K3, Q3*K3))) -> 1.1111111 | AB3: =SUM(Y3:AA3) -> 2 | AC3: =IF(G3>0, L3*M3 / COUNTIF(G3:I3, ">0"), 0) -> 3.3333333 | AD3: =IF(H3>0, L3*M3 / COUNTIF(G3:I3, ">0"), 0) -> 3.3333333 | AE3: =IF(I3>0, L3*M3 / COUNTIF(G3:I3, ">0"), 0) -> 3.3333333 | AG3: =COUNTIF(G3:I3,">0") -> 3 | AH3: =IF(AND(G3>0,H3>0),1,0) -> 1 | AI3: =IF(AND(H3>0,I3>0),1,0) -> 1 | AJ3: =IF(G3>0,J3,0) -> 10 | AK3: =IF(AND(G3=0,H3>0),J3,0) -> 0 | AL3: =IF(AND(G3=0,H3=0,I3>0),J3,0) -> 0 | AN3: =IF(AND(G3>0,H3=0,I3=0),K3,0) -> 0 | AO3: =IF(AND(H3>0,I3=0),K3,0) -> 0 | AP3: =IF(I3>0,K3,0) -> 2 | AQ3: =SUM(AN3:AP3) -> 2 | AS3: =0 -> 0 | AT3: =IF(AH3=1,L3,0) -> 5 | AU3: =IF(AI3=1,L3,0) -> 5 | AW3: =IF(AND(G3>0,AG3>0), J3/AG3, 0) -> 3.3333333 | AX3: =IF(AND(H3>0,AG3>0), J3/AG3, 0) -> 3.3333333 | AY3: =IF(AND(I3>0,AG3>0), J3/AG3, 0) -> 3.3333333 | BA3: =IF(AND(G3>0,AG3>0), K3/AG3, 0) -> 0.66666667 | BB3: =IF(AND(H3>0,AG3>0), K3/AG3, 0) -> 0.66666667 | BC3: =IF(AND(I3>0,AG3>0), K3/AG3, 0) -> 0.66666667 | BF3: =IF(AND(G3>0,AG3>0), (L3*M3)/AG3, 0) -> 3.3333333 | BG3: =IF(AND(H3>0,AG3>0), (L3*M3)/AG3, 0) -> 3.3333333 | BH3: =IF(AND(I3>0,AG3>0), (L3*M3)/AG3, 0) -> 3.3333333
A4: Part B | B4: =IF(A4="", "", COUNTIF($A$3:A4, A4)) -> 1 | C4: =IF(B4=1, 0, D3) -> 0 | D4: =C4 + _xlfn.XLOOKUP(A4, tblScenario[Component], tblScenario[Effective Life]) -> 30 | E4: =MIN(D4, TotalLife) -> 30 | F4: =E4 - C4 -> 30 | G4: =MAX(0, MIN(E4, Cycle1End) - MAX(C4, 0)) -> 10 | H4: =MAX(0, MIN(E4, Cycle2End) - MAX(C4, Cycle1End)) -> 10 | I4: =MAX(0, MIN(E4, Cycle3End) - MAX(C4, Cycle2End)) -> 10 | J4: =_xlfn.XLOOKUP(A4, tblScenario[Component], tblScenario[Manufacturing (kgCO2eq) ]) -> 10 | K4: =_xlfn.XLOOKUP(A4, tblScenario[Component], tblScenario[EOL Disposal (kgCO2eq)]) -> 2 | L4: =_xlfn.XLOOKUP(A4, tblScenario[Component], tblScenario[Refurbishment (kgCO2eq)],"") -> 5 | M4: =IF(G4>0,H4>0,0) + IF(H4>0,I4>0,0) -> 2 | N4: =2/$F4 -> 0.066666667 | O4: =((H4+I4)/F4)*N4 -> 0.044444444 | P4: =I4/F4*N4 -> 0.022222222 | Q4: =0.5*(N4+O4)*G4 -> 0.55555556 | R4: =0.5*(O4+P4)*H4 -> 0.33333333 | S4: =0.5*(P4)*I4 -> 0.11111111 | T4: =SUM(Q4:S4) -> 1 | U4: =$Q4*$J4 -> 5.5555556 | V4: =$R4*$J4 -> 3.3333333 | W4: =$S4*$J4 -> 1.1111111 | X4: =SUM(U4:W4) -> 10 | Y4: =IF(Q4=1,K4,IF(Q4=0,0,IF(R4=0,0,IF(S4=0,R4*K4,S4*K4)))) -> 0.22222222 | Z4: =IF(R4=1,K4,IF(R4=0,0,IF(Q4=0,S4*K4,IF(S4=0,Q4*K4,R4*K4)))) -> 0.66666667 | AA4: =IF(S4=0, 0, IF(R4=0, S4*K4, IF(Q4=0, R4*K4, Q4*K4))) -> 1.1111111 | AB4: =SUM(Y4:AA4) -> 2 | AC4: =IF(G4>0, L4*M4 / COUNTIF(G4:I4, ">0"), 0) -> 3.3333333 | AD4: =IF(H4>0, L4*M4 / COUNTIF(G4:I4, ">0"), 0) -> 3.3333333 | AE4: =IF(I4>0, L4*M4 / COUNTIF(G4:I4, ">0"), 0) -> 3.3333333 | AG4: =COUNTIF(G4:I4,">0") -> 3 | AH4: =IF(AND(G4>0,H4>0),1,0) -> 1 | AI4: =IF(AND(H4>0,I4>0),1,0) -> 1 | AJ4: =IF(G4>0,J4,0) -> 10 | AK4: =IF(AND(G4=0,H4>0),J4,0) -> 0 | AL4: =IF(AND(G4=0,H4=0,I4>0),J4,0) -> 0 | AN4: =IF(AND(G4>0,H4=0,I4=0),K4,0) -> 0 | AO4: =IF(AND(H4>0,I4=0),K4,0) -> 0 | AP4: =IF(I4>0,K4,0) -> 2 | AQ4: =SUM(AN4:AP4) -> 2 | AS4: =0 -> 0 | AT4: =IF(AH4=1,L4,0) -> 5 | AU4: =IF(AI4=1,L4,0) -> 5 | AW4: =IF(AND(G4>0,AG4>0), J4/AG4, 0) -> 3.3333333 | AX4: =IF(AND(H4>0,AG4>0), J4/AG4, 0) -> 3.3333333 | AY4: =IF(AND(I4>0,AG4>0), J4/AG4, 0) -> 3.3333333 | BA4: =IF(AND(G4>0,AG4>0), K4/AG4, 0) -> 0.66666667 | BB4: =IF(AND(H4>0,AG4>0), K4/AG4, 0) -> 0.66666667 | BC4: =IF(AND(I4>0,AG4>0), K4/AG4, 0) -> 0.66666667 | BF4: =IF(AND(G4>0,AG4>0), (L4*M4)/AG4, 0) -> 3.3333333 | BG4: =IF(AND(H4>0,AG4>0), (L4*M4)/AG4, 0) -> 3.3333333 | BH4: =IF(AND(I4>0,AG4>0), (L4*M4)/AG4, 0) -> 3.3333333
A5: Part C | B5: =IF(A5="", "", COUNTIF($A$3:A5, A5)) -> 1 | C5: =IF(B5=1, 0, D4) -> 0 | D5: =C5 + _xlfn.XLOOKUP(A5, tblScenario[Component], tblScenario[Effective Life]) -> 30 | E5: =MIN(D5, TotalLife) -> 30 | F5: =E5 - C5 -> 30 | G5: =MAX(0, MIN(E5, Cycle1End) - MAX(C5, 0)) -> 10 | H5: =MAX(0, MIN(E5, Cycle2End) - MAX(C5, Cycle1End)) -> 10 | I5: =MAX(0, MIN(E5, Cycle3End) - MAX(C5, Cycle2End)) -> 10 | J5: =_xlfn.XLOOKUP(A5, tblScenario[Component], tblScenario[Manufacturing (kgCO2eq) ]) -> 10 | K5: =_xlfn.XLOOKUP(A5, tblScenario[Component], tblScenario[EOL Disposal (kgCO2eq)]) -> 2 | L5: =_xlfn.XLOOKUP(A5, tblScenario[Component], tblScenario[Refurbishment (kgCO2eq)],"") -> 5 | M5: =IF(G5>0,H5>0,0) + IF(H5>0,I5>0,0) -> 2 | N5: =2/$F5 -> 0.066666667 | O5: =((H5+I5)/F5)*N5 -> 0.044444444 | P5: =I5/F5*N5 -> 0.022222222 | Q5: =0.5*(N5+O5)*G5 -> 0.55555556 | R5: =0.5*(O5+P5)*H5 -> 0.33333333 | S5: =0.5*(P5)*I5 -> 0.11111111 | T5: =SUM(Q5:S5) -> 1 | U5: =$Q5*$J5 -> 5.5555556 | V5: =$R5*$J5 -> 3.3333333 | W5: =$S5*$J5 -> 1.1111111 | X5: =SUM(U5:W5) -> 10 | Y5: =IF(Q5=1,K5,IF(Q5=0,0,IF(R5=0,0,IF(S5=0,R5*K5,S5*K5)))) -> 0.22222222 | Z5: =IF(R5=1,K5,IF(R5=0,0,IF(Q5=0,S5*K5,IF(S5=0,Q5*K5,R5*K5)))) -> 0.66666667 | AA5: =IF(S5=0, 0, IF(R5=0, S5*K5, IF(Q5=0, R5*K5, Q5*K5))) -> 1.1111111 | AB5: =SUM(Y5:AA5) -> 2 | AC5: =IF(G5>0, L5*M5 / COUNTIF(G5:I5, ">0"), 0) -> 3.3333333 | AD5: =IF(H5>0, L5*M5 / COUNTIF(G5:I5, ">0"), 0) -> 3.3333333 | AE5: =IF(I5>0, L5*M5 / COUNTIF(G5:I5, ">0"), 0) -> 3.3333333 | AG5: =COUNTIF(G5:I5,">0") -> 3 | AH5: =IF(AND(G5>0,H5>0),1,0) -> 1 | AI5: =IF(AND(H5>0,I5>0),1,0) -> 1 | AJ5: =IF(G5>0,J5,0) -> 10 | AK5: =IF(AND(G5=0,H5>0),J5,0) -> 0 | AL5: =IF(AND(G5=0,H5=0,I5>0),J5,0) -> 0 | AN5: =IF(AND(G5>0,H5=0,I5=0),K5,0) -> 0 | AO5: =IF(AND(H5>0,I5=0),K5,0) -> 0 | AP5: =IF(I5>0,K5,0) -> 2 | AQ5: =SUM(AN5:AP5) -> 2 | AS5: =0 -> 0 | AT5: =IF(AH5=1,L5,0) -> 5 | AU5: =IF(AI5=1,L5,0) -> 5 | AW5: =IF(AND(G5>0,AG5>0), J5/AG5, 0) -> 3.3333333 | AX5: =IF(AND(H5>0,AG5>0), J5/AG5, 0) -> 3.3333333 | AY5: =IF(AND(I5>0,AG5>0), J5/AG5, 0) -> 3.3333333 | BA5: =IF(AND(G5>0,AG5>0), K5/AG5, 0) -> 0.66666667 | BB5: =IF(AND(H5>0,AG5>0), K5/AG5, 0) -> 0.66666667 | BC5: =IF(AND(I5>0,AG5>0), K5/AG5, 0) -> 0.66666667 | BF5: =IF(AND(G5>0,AG5>0), (L5*M5)/AG5, 0) -> 3.3333333 | BG5: =IF(AND(H5>0,AG5>0), (L5*M5)/AG5, 0) -> 3.3333333 | BH5: =IF(AND(I5>0,AG5>0), (L5*M5)/AG5, 0) -> 3.3333333
A6: Part D | B6: =IF(A6="", "", COUNTIF($A$3:A6, A6)) -> 1 | C6: =IF(B6=1, 0, D5) -> 0 | D6: =C6 + _xlfn.XLOOKUP(A6, tblScenario[Component], tblScenario[Effective Life]) -> 30 | E6: =MIN(D6, TotalLife) -> 30 | F6: =E6 - C6 -> 30 | G6: =MAX(0, MIN(E6, Cycle1End) - MAX(C6, 0)) -> 10 | H6: =MAX(0, MIN(E6, Cycle2End) - MAX(C6, Cycle1End)) -> 10 | I6: =MAX(0, MIN(E6, Cycle3End) - MAX(C6, Cycle2End)) -> 10 | J6: =_xlfn.XLOOKUP(A6, tblScenario[Component], tblScenario[Manufacturing (kgCO2eq) ]) -> 10 | K6: =_xlfn.XLOOKUP(A6, tblScenario[Component], tblScenario[EOL Disposal (kgCO2eq)]) -> 2 | L6: =_xlfn.XLOOKUP(A6, tblScenario[Component], tblScenario[Refurbishment (kgCO2eq)],"") -> 5 | M6: =IF(G6>0,H6>0,0) + IF(H6>0,I6>0,0) -> 2 | N6: =2/$F6 -> 0.066666667 | O6: =((H6+I6)/F6)*N6 -> 0.044444444 | P6: =I6/F6*N6 -> 0.022222222 | Q6: =0.5*(N6+O6)*G6 -> 0.55555556 | R6: =0.5*(O6+P6)*H6 -> 0.33333333 | S6: =0.5*(P6)*I6 -> 0.11111111 | T6: =SUM(Q6:S6) -> 1 | U6: =$Q6*$J6 -> 5.5555556 | V6: =$R6*$J6 -> 3.3333333 | W6: =$S6*$J6 -> 1.1111111 | X6: =SUM(U6:W6) -> 10 | Y6: =IF(Q6=1,K6,IF(Q6=0,0,IF(R6=0,0,IF(S6=0,R6*K6,S6*K6)))) -> 0.22222222 | Z6: =IF(R6=1,K6,IF(R6=0,0,IF(Q6=0,S6*K6,IF(S6=0,Q6*K6,R6*K6)))) -> 0.66666667 | AA6: =IF(S6=0, 0, IF(R6=0, S6*K6, IF(Q6=0, R6*K6, Q6*K6))) -> 1.1111111 | AB6: =SUM(Y6:AA6) -> 2 | AC6: =IF(G6>0, L6*M6 / COUNTIF(G6:I6, ">0"), 0) -> 3.3333333 | AD6: =IF(H6>0, L6*M6 / COUNTIF(G6:I6, ">0"), 0) -> 3.3333333 | AE6: =IF(I6>0, L6*M6 / COUNTIF(G6:I6, ">0"), 0) -> 3.3333333 | AG6: =COUNTIF(G6:I6,">0") -> 3 | AH6: =IF(AND(G6>0,H6>0),1,0) -> 1 | AI6: =IF(AND(H6>0,I6>0),1,0) -> 1 | AJ6: =IF(G6>0,J6,0) -> 10 | AK6: =IF(AND(G6=0,H6>0),J6,0) -> 0 | AL6: =IF(AND(G6=0,H6=0,I6>0),J6,0) -> 0 | AN6: =IF(AND(G6>0,H6=0,I6=0),K6,0) -> 0 | AO6: =IF(AND(H6>0,I6=0),K6,0) -> 0 | AP6: =IF(I6>0,K6,0) -> 2 | AQ6: =SUM(AN6:AP6) -> 2 | AS6: =0 -> 0 | AT6: =IF(AH6=1,L6,0) -> 5 | AU6: =IF(AI6=1,L6,0) -> 5 | AW6: =IF(AND(G6>0,AG6>0), J6/AG6, 0) -> 3.3333333 | AX6: =IF(AND(H6>0,AG6>0), J6/AG6, 0) -> 3.3333333 | AY6: =IF(AND(I6>0,AG6>0), J6/AG6, 0) -> 3.3333333 | BA6: =IF(AND(G6>0,AG6>0), K6/AG6, 0) -> 0.66666667 | BB6: =IF(AND(H6>0,AG6>0), K6/AG6, 0) -> 0.66666667 | BC6: =IF(AND(I6>0,AG6>0), K6/AG6, 0) -> 0.66666667 | BF6: =IF(AND(G6>0,AG6>0), (L6*M6)/AG6, 0) -> 3.3333333 | BG6: =IF(AND(H6>0,AG6>0), (L6*M6)/AG6, 0) -> 3.3333333 | BH6: =IF(AND(I6>0,AG6>0), (L6*M6)/AG6, 0) -> 3.3333333
A7: Part E | B7: =IF(A7="", "", COUNTIF($A$3:A7, A7)) -> 1 | C7: =IF(B7=1, 0, D6) -> 0 | D7: =C7 + _xlfn.XLOOKUP(A7, tblScenario[Component], tblScenario[Effective Life]) -> 30 | E7: =MIN(D7, TotalLife) -> 30 | F7: =E7 - C7 -> 30 | G7: =MAX(0, MIN(E7, Cycle1End) - MAX(C7, 0)) -> 10 | H7: =MAX(0, MIN(E7, Cycle2End) - MAX(C7, Cycle1End)) -> 10 | I7: =MAX(0, MIN(E7, Cycle3End) - MAX(C7, Cycle2End)) -> 10 | J7: =_xlfn.XLOOKUP(A7, tblScenario[Component], tblScenario[Manufacturing (kgCO2eq) ]) -> 10 | K7: =_xlfn.XLOOKUP(A7, tblScenario[Component], tblScenario[EOL Disposal (kgCO2eq)]) -> 2 | L7: =_xlfn.XLOOKUP(A7, tblScenario[Component], tblScenario[Refurbishment (kgCO2eq)],"") -> 5 | M7: =IF(G7>0,H7>0,0) + IF(H7>0,I7>0,0) -> 2 | N7: =2/$F7 -> 0.066666667 | O7: =((H7+I7)/F7)*N7 -> 0.044444444 | P7: =I7/F7*N7 -> 0.022222222 | Q7: =0.5*(N7+O7)*G7 -> 0.55555556 | R7: =0.5*(O7+P7)*H7 -> 0.33333333 | S7: =0.5*(P7)*I7 -> 0.11111111 | T7: =SUM(Q7:S7) -> 1 | U7: =$Q7*$J7 -> 5.5555556 | V7: =$R7*$J7 -> 3.3333333 | W7: =$S7*$J7 -> 1.1111111 | X7: =SUM(U7:W7) -> 10 | Y7: =IF(Q7=1,K7,IF(Q7=0,0,IF(R7=0,0,IF(S7=0,R7*K7,S7*K7)))) -> 0.22222222 | Z7: =IF(R7=1,K7,IF(R7=0,0,IF(Q7=0,S7*K7,IF(S7=0,Q7*K7,R7*K7)))) -> 0.66666667 | AA7: =IF(S7=0, 0, IF(R7=0, S7*K7, IF(Q7=0, R7*K7, Q7*K7))) -> 1.1111111 | AB7: =SUM(Y7:AA7) -> 2 | AC7: =IF(G7>0, L7*M7 / COUNTIF(G7:I7, ">0"), 0) -> 3.3333333 | AD7: =IF(H7>0, L7*M7 / COUNTIF(G7:I7, ">0"), 0) -> 3.3333333 | AE7: =IF(I7>0, L7*M7 / COUNTIF(G7:I7, ">0"), 0) -> 3.3333333 | AG7: =COUNTIF(G7:I7,">0") -> 3 | AH7: =IF(AND(G7>0,H7>0),1,0) -> 1 | AI7: =IF(AND(H7>0,I7>0),1,0) -> 1 | AJ7: =IF(G7>0,J7,0) -> 10 | AK7: =IF(AND(G7=0,H7>0),J7,0) -> 0 | AL7: =IF(AND(G7=0,H7=0,I7>0),J7,0) -> 0 | AN7: =IF(AND(G7>0,H7=0,I7=0),K7,0) -> 0 | AO7: =IF(AND(H7>0,I7=0),K7,0) -> 0 | AP7: =IF(I7>0,K7,0) -> 2 | AQ7: =SUM(AN7:AP7) -> 2 | AS7: =0 -> 0 | AT7: =IF(AH7=1,L7,0) -> 5 | AU7: =IF(AI7=1,L7,0) -> 5 | AW7: =IF(AND(G7>0,AG7>0), J7/AG7, 0) -> 3.3333333 | AX7: =IF(AND(H7>0,AG7>0), J7/AG7, 0) -> 3.3333333 | AY7: =IF(AND(I7>0,AG7>0), J7/AG7, 0) -> 3.3333333 | BA7: =IF(AND(G7>0,AG7>0), K7/AG7, 0) -> 0.66666667 | BB7: =IF(AND(H7>0,AG7>0), K7/AG7, 0) -> 0.66666667 | BC7: =IF(AND(I7>0,AG7>0), K7/AG7, 0) -> 0.66666667 | BF7: =IF(AND(G7>0,AG7>0), (L7*M7)/AG7, 0) -> 3.3333333 | BG7: =IF(AND(H7>0,AG7>0), (L7*M7)/AG7, 0) -> 3.3333333 | BH7: =IF(AND(I7>0,AG7>0), (L7*M7)/AG7, 0) -> 3.3333333
A8: Part F | B8: =IF(A8="", "", COUNTIF($A$3:A8, A8)) -> 1 | C8: =IF(B8=1, 0, D7) -> 0 | D8: =C8 + _xlfn.XLOOKUP(A8, tblScenario[Component], tblScenario[Effective Life]) -> 30 | E8: =MIN(D8, TotalLife) -> 30 | F8: =E8 - C8 -> 30 | G8: =MAX(0, MIN(E8, Cycle1End) - MAX(C8, 0)) -> 10 | H8: =MAX(0, MIN(E8, Cycle2End) - MAX(C8, Cycle1End)) -> 10 | I8: =MAX(0, MIN(E8, Cycle3End) - MAX(C8, Cycle2End)) -> 10 | J8: =_xlfn.XLOOKUP(A8, tblScenario[Component], tblScenario[Manufacturing (kgCO2eq) ]) -> 10 | K8: =_xlfn.XLOOKUP(A8, tblScenario[Component], tblScenario[EOL Disposal (kgCO2eq)]) -> 2 | L8: =_xlfn.XLOOKUP(A8, tblScenario[Component], tblScenario[Refurbishment (kgCO2eq)],"") -> 5 | M8: =IF(G8>0,H8>0,0) + IF(H8>0,I8>0,0) -> 2 | N8: =2/$F8 -> 0.066666667 | O8: =((H8+I8)/F8)*N8 -> 0.044444444 | P8: =I8/F8*N8 -> 0.022222222 | Q8: =0.5*(N8+O8)*G8 -> 0.55555556 | R8: =0.5*(O8+P8)*H8 -> 0.33333333 | S8: =0.5*(P8)*I8 -> 0.11111111 | T8: =SUM(Q8:S8) -> 1 | U8: =$Q8*$J8 -> 5.5555556 | V8: =$R8*$J8 -> 3.3333333 | W8: =$S8*$J8 -> 1.1111111 | X8: =SUM(U8:W8) -> 10 | Y8: =IF(Q8=1,K8,IF(Q8=0,0,IF(R8=0,0,IF(S8=0,R8*K8,S8*K8)))) -> 0.22222222 | Z8: =IF(R8=1,K8,IF(R8=0,0,IF(Q8=0,S8*K8,IF(S8=0,Q8*K8,R8*K8)))) -> 0.66666667 | AA8: =IF(S8=0, 0, IF(R8=0, S8*K8, IF(Q8=0, R8*K8, Q8*K8))) -> 1.1111111 | AB8: =SUM(Y8:AA8) -> 2 | AC8: =IF(G8>0, L8*M8 / COUNTIF(G8:I8, ">0"), 0) -> 3.3333333 | AD8: =IF(H8>0, L8*M8 / COUNTIF(G8:I8, ">0"), 0) -> 3.3333333 | AE8: =IF(I8>0, L8*M8 / COUNTIF(G8:I8, ">0"), 0) -> 3.3333333 | AG8: =COUNTIF(G8:I8,">0") -> 3 | AH8: =IF(AND(G8>0,H8>0),1,0) -> 1 | AI8: =IF(AND(H8>0,I8>0),1,0) -> 1 | AJ8: =IF(G8>0,J8,0) -> 10 | AK8: =IF(AND(G8=0,H8>0),J8,0) -> 0 | AL8: =IF(AND(G8=0,H8=0,I8>0),J8,0) -> 0 | AN8: =IF(AND(G8>0,H8=0,I8=0),K8,0) -> 0 | AO8: =IF(AND(H8>0,I8=0),K8,0) -> 0 | AP8: =IF(I8>0,K8,0) -> 2 | AQ8: =SUM(AN8:AP8) -> 2 | AS8: =0 -> 0 | AT8: =IF(AH8=1,L8,0) -> 5 | AU8: =IF(AI8=1,L8,0) -> 5 | AW8: =IF(AND(G8>0,AG8>0), J8/AG8, 0) -> 3.3333333 | AX8: =IF(AND(H8>0,AG8>0), J8/AG8, 0) -> 3.3333333 | AY8: =IF(AND(I8>0,AG8>0), J8/AG8, 0) -> 3.3333333 | BA8: =IF(AND(G8>0,AG8>0), K8/AG8, 0) -> 0.66666667 | BB8: =IF(AND(H8>0,AG8>0), K8/AG8, 0) -> 0.66666667 | BC8: =IF(AND(I8>0,AG8>0), K8/AG8, 0) -> 0.66666667 | BF8: =IF(AND(G8>0,AG8>0), (L8*M8)/AG8, 0) -> 3.3333333 | BG8: =IF(AND(H8>0,AG8>0), (L8*M8)/AG8, 0) -> 3.3333333 | BH8: =IF(AND(I8>0,AG8>0), (L8*M8)/AG8, 0) -> 3.3333333
A9: Part G | B9: =IF(A9="", "", COUNTIF($A$3:A9, A9)) -> 1 | C9: =IF(B9=1, 0, D8) -> 0 | D9: =C9 + _xlfn.XLOOKUP(A9, tblScenario[Component], tblScenario[Effective Life]) -> 30 | E9: =MIN(D9, TotalLife) -> 30 | F9: =E9 - C9 -> 30 | G9: =MAX(0, MIN(E9, Cycle1End) - MAX(C9, 0)) -> 10 | H9: =MAX(0, MIN(E9, Cycle2End) - MAX(C9, Cycle1End)) -> 10 | I9: =MAX(0, MIN(E9, Cycle3End) - MAX(C9, Cycle2End)) -> 10 | J9: =_xlfn.XLOOKUP(A9, tblScenario[Component], tblScenario[Manufacturing (kgCO2eq) ]) -> 10 | K9: =_xlfn.XLOOKUP(A9, tblScenario[Component], tblScenario[EOL Disposal (kgCO2eq)]) -> 2 | L9: =_xlfn.XLOOKUP(A9, tblScenario[Component], tblScenario[Refurbishment (kgCO2eq)],"") -> 5 | M9: =IF(G9>0,H9>0,0) + IF(H9>0,I9>0,0) -> 2 | N9: =2/$F9 -> 0.066666667 | O9: =((H9+I9)/F9)*N9 -> 0.044444444 | P9: =I9/F9*N9 -> 0.022222222 | Q9: =0.5*(N9+O9)*G9 -> 0.55555556 | R9: =0.5*(O9+P9)*H9 -> 0.33333333 | S9: =0.5*(P9)*I9 -> 0.11111111 | T9: =SUM(Q9:S9) -> 1 | U9: =$Q9*$J9 -> 5.5555556 | V9: =$R9*$J9 -> 3.3333333 | W9: =$S9*$J9 -> 1.1111111 | X9: =SUM(U9:W9) -> 10 | Y9: =IF(Q9=1,K9,IF(Q9=0,0,IF(R9=0,0,IF(S9=0,R9*K9,S9*K9)))) -> 0.22222222 | Z9: =IF(R9=1,K9,IF(R9=0,0,IF(Q9=0,S9*K9,IF(S9=0,Q9*K9,R9*K9)))) -> 0.66666667 | AA9: =IF(S9=0, 0, IF(R9=0, S9*K9, IF(Q9=0, R9*K9, Q9*K9))) -> 1.1111111 | AB9: =SUM(Y9:AA9) -> 2 | AC9: =IF(G9>0, L9*M9 / COUNTIF(G9:I9, ">0"), 0) -> 3.3333333 | AD9: =IF(H9>0, L9*M9 / COUNTIF(G9:I9, ">0"), 0) -> 3.3333333 | AE9: =IF(I9>0, L9*M9 / COUNTIF(G9:I9, ">0"), 0) -> 3.3333333 | AG9: =COUNTIF(G9:I9,">0") -> 3 | AH9: =IF(AND(G9>0,H9>0),1,0) -> 1 | AI9: =IF(AND(H9>0,I9>0),1,0) -> 1 | AJ9: =IF(G9>0,J9,0) -> 10 | AK9: =IF(AND(G9=0,H9>0),J9,0) -> 0 | AL9: =IF(AND(G9=0,H9=0,I9>0),J9,0) -> 0 | AN9: =IF(AND(G9>0,H9=0,I9=0),K9,0) -> 0 | AO9: =IF(AND(H9>0,I9=0),K9,0) -> 0 | AP9: =IF(I9>0,K9,0) -> 2 | AQ9: =SUM(AN9:AP9) -> 2 | AS9: =0 -> 0 | AT9: =IF(AH9=1,L9,0) -> 5 | AU9: =IF(AI9=1,L9,0) -> 5 | AW9: =IF(AND(G9>0,AG9>0), J9/AG9, 0) -> 3.3333333 | AX9: =IF(AND(H9>0,AG9>0), J9/AG9, 0) -> 3.3333333 | AY9: =IF(AND(I9>0,AG9>0), J9/AG9, 0) -> 3.3333333 | BA9: =IF(AND(G9>0,AG9>0), K9/AG9, 0) -> 0.66666667 | BB9: =IF(AND(H9>0,AG9>0), K9/AG9, 0) -> 0.66666667 | BC9: =IF(AND(I9>0,AG9>0), K9/AG9, 0) -> 0.66666667 | BF9: =IF(AND(G9>0,AG9>0), (L9*M9)/AG9, 0) -> 3.3333333 | BG9: =IF(AND(H9>0,AG9>0), (L9*M9)/AG9, 0) -> 3.3333333 | BH9: =IF(AND(I9>0,AG9>0), (L9*M9)/AG9, 0) -> 3.3333333
B87: =IF(A87="", "", COUNTIF($A$3:A87, A87))
B88: =IF(A88="", "", COUNTIF($A$3:A88, A88))
B89: =IF(A89="", "", COUNTIF($A$3:A89, A89))
B90: =IF(A90="", "", COUNTIF($A$3:A90, A90))
B91: =IF(A91="", "", COUNTIF($A$3:A91, A91))
B92: =IF(A92="", "", COUNTIF($A$3:A92, A92))
B93: =IF(A93="", "", COUNTIF($A$3:A93, A93))
B94: =IF(A94="", "", COUNTIF($A$3:A94, A94))
B95: =IF(A95="", "", COUNTIF($A$3:A95, A95))
B96: =IF(A96="", "", COUNTIF($A$3:A96, A96))
B97: =IF(A97="", "", COUNTIF($A$3:A97, A97))
B98: =IF(A98="", "", COUNTIF($A$3:A98, A98))
... B602: =IF(A602="", "", COUNTIF($A$3:A602, A602))

Sheet CELD Results
B2: GOAL :
B5: Functional Unit (FU):
B8: System Bounadry:
G9: Show the environmental impact benefits of remanufacturing/refurbishing parts to extend the service life of the product system compared to repeated new manufacturing.
B11: Baseline Metrics (Single Cycle + No Remanufacturing Case) | G11: Scenario Comparison Summary
B12: Metric | C12: Value | D12: Notes | G12: Scenario | H12: Total Impact (kg CO₂-eq) | I12: Annual Impact (kg CO₂-eq/year) | J12: Reduction vs Baseline (%) | K12: Cycle 1 Impact (kg CO₂-eq) | L12: Cycle 2 Impact (kg CO₂-eq) | M12: Cycle 3 Impact (kg CO₂-eq) | O12: Scenario | P12: Scenario 1 – Description | Q12: Scenario 2 – Description | R12: Scenario 3 – Description
B13: Product system life (years) | C13: =TotalLife -> 30 | D13: 3 cycles × 10 years | G13: Scenario 1 – No Reman | H13: =C27 -> 252 | I13: =C28 -> 8.4 | J13: 0 | K13: =C14 -> 84 | L13: =C14 -> 84 | M13: =C14 -> 84 | O13: Cycle 1 Impact (kg CO₂-eq) | P13: =$C$14/$C$15 -> 0.33333333 | Q13: =$C32/$C$35 -> 0.35873016 | R13: =C41/C44 -> 0.41414141
B14: Baseline: Single-cycle impact (kg CO₂-eq) | C14: 84 | D14: Manufacturing + EOL for 1 cycle | G14: Scenario 2 – Moderate Reman | H14: =C35 -> 210 | I14: =C36 -> 7 | J14: =C37 -> 0.16666667 | K14: =C32 -> 75.333333 | L14: =C33 -> 70 | M14: =C34 -> 64.666667 | O14: Cycle 2 Impact (kg CO₂-eq) | P14: =$C$14/$C$15 -> 0.33333333 | Q14: =$C33/$C$35 -> 0.33333333 | R14: =C42/C44 -> 0.33333333
B15: Scenario 1 Total Impact (kg CO₂-eq) | C15: 252 | D15: 3 full replacements (no reuse) | G15: Scenario 3 – Max Reman | H15: =C44 -> 154 | I15: =C45 -> 5.1333333 | J15: =C46 -> 0.38888889 | K15: =C41 -> 63.777778 | L15: =C42 -> 51.333333 | M15: =C43 -> 38.888889 | O15: Cycle 3 Impact (kg CO₂-eq) | P15: =$C$14/$C$15 -> 0.33333333 | Q15: =$C34/$C$35 -> 0.30793651 | R15: =C43/C44 -> 0.25252525
B16: Impact per year (kg CO₂-eq/year) | C16: =C15/30 -> 8.4 | D16: Annualized baseline
B18: Calculation Table | E18: The user copies (C20:22) the data from these cells and pastes them into the scenario table before adjusting the scenario input sheet for a different scenario NB: Paste option only numbers not formula
B19: Metric | C19: Value | D19: Notes
B20: Cycle 1 Impact (kg CO₂-eq) | C20: =SUM('Component Info'!U:U, 'Component Info'!Y:Y, 'Component Info'!AC:AC) -> 63.777778 | D20: Includes allocated manufacturing, disposal, and refurb impacts for components active in Cycle 1.
B21: Cycle 2 Impact (kg CO₂-eq) | C21: =SUM('Component Info'!V:V, 'Component Info'!Z:Z, 'Component Info'!AD:AD) -> 51.333333 | D21: Includes allocated manufacturing, disposal, and refurb impacts for components active in Cycle 2.
B22: Cycle 3 Impact (kg CO₂-eq) | C22: =SUM('Component Info'!W:W, 'Component Info'!AA:AA, 'Component Info'!AE:AE) -> 38.888889 | D22: Includes allocated manufacturing, disposal, and refurb impacts for components active in Cycle 3.
B23: Total System Impact (kg CO2-eq) | C23: =SUM(C20:C22) -> 154 | D23: Allocated using CELD triangular method to account for reused components.
B25: Scenario 1: Three Full Replacements (New) - No Remanufacturing
B26: Metric | C26: Value | D26: Notes
B27: Scenario 1 Total Impact (kg CO₂-eq) | C27: =C15 -> 252 | D27: 3 full replacements (no reuse)
B28: Impact per year (kg CO₂-eq/year) | C28: =C27/C13 -> 8.4 | D28: Annualized baseline
B30: Scenario 2: Moderate Remanufacturing
B31: Metric | C31: Value | D31: Notes
B32: Cycle 1 Impact (kg CO₂-eq) | C32: 75.333333 | D32: Includes allocated manufacturing, disposal, and refurb impacts for components active in Cycle 1.
B33: Cycle 2 Impact (kg CO₂-eq) | C33: 70 | D33: Includes allocated manufacturing, disposal, and refurb impacts for components active in Cycle 2.
B34: Cycle 3 Impact (kg CO₂-eq) | C34: 64.666667 | D34: Includes allocated manufacturing, disposal, and refurb impacts for components active in Cycle 3.
B35: Total System Impact (kg CO₂-eq) | C35: =SUM(C32:C34) -> 210 | D35: Allocated using CELD triangular method to account for reused components.
B36: Impact per year (kg CO₂-eq/year) | C36: =C35/C13 -> 7 | D36: over the period of 30 years
B37: Reduction vs Baseline (%) | C37: =(C27-C35)/C27 -> 0.16666667
B39: Scenario 3: Maximum Remanufacturing
B40: Metric | C40: Value | D40: Notes
B41: Cycle 1 Impact (kg CO₂-eq) | C41: =SUM('Component Info'!U:U, 'Component Info'!Y:Y, 'Component Info'!AC:AC) -> 63.777778 | D41: Includes allocated manufacturing, disposal, and refurb impacts for components active in Cycle 1.
B42: Cycle 2 Impact (kg CO₂-eq) | C42: =SUM('Component Info'!V:V, 'Component Info'!Z:Z, 'Component Info'!AD:AD) -> 51.333333 | D42: Includes allocated manufacturing, disposal, and refurb impacts for components active in Cycle 2.
B43: Cycle 3 Impact (kg CO₂-eq) | C43: =SUM('Component Info'!W:W, 'Component Info'!AA:AA, 'Component Info'!AE:AE) -> 38.888889 | D43: Includes allocated manufacturing, disposal, and refurb impacts for components active in Cycle 3.
B44: Total System Impact (kg CO2-eq) | C44: =SUM(C41:C43) -> 154 | D44: Allocated using CELD triangular method to account for reused components.
B45: Impact per year (kg CO₂-eq/year) | C45: =C44/C13 -> 5.1333333 | D45: over the period of 30 years
B46: Reduction vs Baseline (%) | C46: =(C27-C44)/C27 -> 0.38888889

Sheet Cut-off Results
B2: GOAL :
B5: Functional Unit (FU):
B8: System Bounadry:
B9: Manufacturing + refurbishment + EOL disposal over 3 cycles. | G9: Show the environmental impact benefits of remanufacturing/refurbishing parts to extend the service life of the product system compared to repeated new manufacturing.
B11: Baseline Metrics (Single Cycle + No Remanufacturing Case) | G11: Scenario Comparison Summary
B12: Metric | C12: Value | D12: Notes | G12: Scenario | H12: Total Impact (kg CO₂-eq) | I12: Annual Impact (kg CO₂-eq/year) | J12: Reduction vs Baseline (%) | K12: Cycle 1 Impact (kg CO₂-eq) | L12: Cycle 2 Impact (kg CO₂-eq) | M12: Cycle 3 Impact (kg CO₂-eq) | O12: Scenario | P12: Scenario 1 – Description | Q12: Scenario 2 – Description | R12: Scenario 3 – Description
B13: Product system life (years) | C13: =TotalLife -> 30 | D13: 3 cycles × 10 years | G13: Scenario 1 – No Reman | H13: =C27 -> Input Number | I13: =C28 -> #VALUE! | J13: 0 | K13: =C14 -> Input Number | L13: =C14 -> Input Number | M13: =C14 -> Input Number | O13: Cycle 1 Impact (kg CO₂-eq) | P13: =$C$14/$C$15 -> #VALUE! | Q13: =$C32/$C$35 -> #DIV/0! | R13: =C41/C44 -> #DIV/0!
B14: Baseline: Single-cycle impact (kg CO₂-eq) | C14: Input Number | D14: Manufacturing + EOL for 1 cycle | G14: Scenario 2 – Moderate Reman | H14: =C35 -> 0 | I14: =C36 -> 0 | J14: =C37 -> #VALUE! | K14: =C32 -> 0 | L14: =C33 -> 0 | M14: =C34 -> 0 | O14: Cycle 2 Impact (kg CO₂-eq) | P14: =$C$14/$C$15 -> #VALUE! | Q14: =$C33/$C$35 -> #DIV/0! | R14: =C42/C44 -> #DIV/0!
B15: Scenario 1 Total Impact (kg CO₂-eq) | C15: Input Number | D15: 3 full replacements (no reuse) | G15: Scenario 3 – Max Reman | H15: =C44 -> 0 | I15: =C45 -> 0 | J15: =C46 -> #VALUE! | K15: =C41 -> 0 | L15: =C42 -> 0 | M15: =C43 -> 0 | O15: Cycle 3 Impact (kg CO₂-eq) | P15: =$C$14/$C$15 -> #VALUE! | Q15: =$C34/$C$35 -> #DIV/0! | R15: =C43/C44 -> #DIV/0!
B16: Impact per year (kg CO₂-eq/year) | C16: =C15/30 -> #VALUE! | D16: Annualized baseline
B18: Calculation Table | E18: The user copies (C20:22) the data from these cells and pastes them into the scenario table before adjusting the scenario input sheet for a different scenario NB: Paste option only numbers not formula
B19: Metric | C19: Value | D19: Notes
B20: Cycle 1 Impact (kg CO₂-eq) | C20: =SUM('Component Info'!AJ:AJ, 'Component Info'!AN:AN, 'Component Info'!AS:AS) -> 70 | D20: Includes allocated manufacturing, disposal, and refurb impacts for components active in Cycle 1.
B21: Cycle 2 Impact (kg CO₂-eq) | C21: =SUM('Component Info'!AK:AK, 'Component Info'!AO:AO, 'Component Info'!AT:AT) -> 35 | D21: Includes allocated manufacturing, disposal, and refurb impacts for components active in Cycle 2.
B22: Cycle 3 Impact (kg CO₂-eq) | C22: =SUM('Component Info'!AL:AL, 'Component Info'!AP:AP, 'Component Info'!AU:AU) -> 49 | D22: Includes allocated manufacturing, disposal, and refurb impacts for components active in Cycle 3.
B23: Total System Impact (kg CO2-eq) | C23: =SUM(C20:C22) -> 154 | D23: Allocated using CELD triangular method to account for reused components.
B25: Scenario 1: Three Full Replacements (New) - No Remanufacturing
B26: Metric | C26: Value | D26: Notes
B27: Scenario 1 Total Impact (kg CO₂-eq) | C27: =C15 -> Input Number | D27: 3 full replacements (no reuse)
B28: Impact per year (kg CO₂-eq/year) | C28: =C27/30 -> #VALUE! | D28: Annualized baseline
B30: Scenario 2: Moderate Remanufacturing
B31: Metric | C31: Value | D31: Notes
B32: Cycle 1 Impact (kg CO₂-eq) | D32: Includes allocated manufacturing, disposal, and refurb impacts for components active in Cycle 1.
B33: Cycle 2 Impact (kg CO₂-eq) | D33: Includes allocated manufacturing, disposal, and refurb impacts for components active in Cycle 2.
B34: Cycle 3 Impact (kg CO₂-eq) | D34: Includes allocated manufacturing, disposal, and refurb impacts for components active in Cycle 3.
B35: Total System Impact (kg CO2-eq) | C35: =SUM(C32:C34) -> 0 | D35: Allocated using CELD triangular method to account for reused components.
B36: Impact per year (kg CO₂-eq/year) | C36: =C35/C13 -> 0 | D36: over the period of 30 years
B37: Reduction vs Baseline (%) | C37: =(C27-C35)/C27 -> #VALUE!
B39: Scenario 3: Maximum Remanufacturing
B40: Metric | C40: Value | D40: Notes
B41: Cycle 1 Impact (kg CO₂-eq) | D41: Includes allocated manufacturing, disposal, and refurb impacts for components active in Cycle 1.
B42: Cycle 2 Impact (kg CO₂-eq) | D42: Includes allocated manufacturing, disposal, and refurb impacts for components active in Cycle 2.
B43: Cycle 3 Impact (kg CO₂-eq) | D43: Includes allocated manufacturing, disposal, and refurb impacts for components active in Cycle 3.
B44: Total System Impact (kg CO2-eq) | C44: =SUM(C41:C43) -> 0 | D44: Allocated using CELD triangular method to account for reused components.
B45: Impact per year (kg CO₂-eq/year) | C45: =C44/C13 -> 0 | D45: over the period of 30 years
B46: Reduction vs Baseline (%) | C46: =(C27-C44)/C27 -> #VALUE!

Sheet Equal Share Results 
B2: GOAL :
B5: Functional Unit (FU):
B8: System Bounadry:
B9: Manufacturing + refurbishment + EOL disposal over 3 cycles. | G9: Show the environmental impact benefits of remanufacturing/refurbishing parts to extend the service life of the product system compared to repeated new manufacturing.
B11: Baseline Metrics (Single Cycle + No Remanufacturing Case) | G11: Scenario Comparison Summary
B12: Metric | C12: Value | D12: Notes | G12: Scenario | H12: Total Impact (kg CO₂-eq) | I12: Annual Impact (kg CO₂-eq/year) | J12: Reduction vs Baseline (%) | K12: Cycle 1 Impact (kg CO₂-eq) | L12: Cycle 2 Impact (kg CO₂-eq) | M12: Cycle 3 Impact (kg CO₂-eq) | O12: Scenario | P12: Scenario 1 – Description | Q12: Scenario 2 – Description | R12: Scenario 3 – Description
B13: Product system life (years) | C13: =TotalLife -> 30 | D13: 3 cycles × 10 years | G13: Scenario 1 – No Reman | H13: =C27 -> Input Number | I13: =C28 -> #VALUE! | J13: 0 | K13: =C14 -> Input Number | L13: =C14 -> Input Number | M13: =C14 -> Input Number | O13: Cycle 1 Impact (kg CO₂-eq) | P13: =$C$14/$C$15 -> #VALUE! | Q13: =$C32/$C$35 -> #DIV/0! | R13: =C41/C44 -> #DIV/0!
B14: Baseline: Single-cycle impact (kg CO₂-eq) | C14: Input Number | D14: Manufacturing + EOL for 1 cycle | G14: Scenario 2 – Moderate Reman | H14: =C35 -> 0 | I14: =C36 -> 0 | J14: =C37 -> #VALUE! | K14: =C32 -> 0 | L14: =C33 -> 0 | M14: =C34 -> 0 | O14: Cycle 2 Impact (kg CO₂-eq) | P14: =$C$14/$C$15 -> #VALUE! | Q14: =$C33/$C$35 -> #DIV/0! | R14: =C42/C44 -> #DIV/0!
B15: Scenario 1 Total Impact (kg CO₂-eq) | C15: Input Number | D15: 3 full replacements (no reuse) | G15: Scenario 3 – Max Reman | H15: =C44 -> 0 | I15: =C45 -> 0 | J15: =C46 -> #VALUE! | K15: =C41 -> 0 | L15: =C42 -> 0 | M15: =C43 -> 0 | O15: Cycle 3 Impact (kg CO₂-eq) | P15: =$C$14/$C$15 -> #VALUE! | Q15: =$C34/$C$35 -> #DIV/0! | R15: =C43/C44 -> #DIV/0!
B16: Impact per year (kg CO₂-eq/year) | C16: =C15/30 -> #VALUE! | D16: Annualized baseline
B18: Calculation Table | E18: The user copies (C20:22) the data from these cells and pastes them into the scenario table before adjusting the scenario input sheet for a different scenario NB: Paste option only numbers not formula
B19: Metric | C19: Value | D19: Notes
B20: Cycle 1 Impact (kg CO₂-eq) | C20: =SUM('Component Info'!AW:AW, 'Component Info'!BA:BA, 'Component Info'!BF:BF) -> 51.333333 | D20: Includes allocated manufacturing, disposal, and refurb impacts for components active in Cycle 1.
B21: Cycle 2 Impact (kg CO₂-eq) | C21: =SUM('Component Info'!AX:AX, 'Component Info'!BB:BB, 'Component Info'!BG:BG) -> 51.333333 | D21: Includes allocated manufacturing, disposal, and refurb impacts for components active in Cycle 2.
B22: Cycle 3 Impact (kg CO₂-eq) | C22: =SUM('Component Info'!AY:AY, 'Component Info'!BC:BC, 'Component Info'!BH:BH) -> 51.333333 | D22: Includes allocated manufacturing, disposal, and refurb impacts for components active in Cycle 3.
B23: Total System Impact (kg CO2-eq) | C23: =SUM(C20:C22) -> 154 | D23: Allocated using CELD triangular method to account for reused components.
B25: Scenario 1: Three Full Replacements (New) - No Remanufacturing
B26: Metric | C26: Value | D26: Notes
B27: Scenario 1 Total Impact (kg CO₂-eq) | C27: =C15 -> Input Number | D27: 3 full replacements (no reuse)
B28: Impact per year (kg CO₂-eq/year) | C28: =C27/30 -> #VALUE! | D28: Annualized baseline
B30: Scenario 2: Moderate Remanufacturing
B31: Metric | C31: Value | D31: Notes
B32: Cycle 1 Impact (kg CO₂-eq) | D32: Includes allocated manufacturing, disposal, and refurb impacts for components active in Cycle 1.
B33: Cycle 2 Impact (kg CO₂-eq) | D33: Includes allocated manufacturing, disposal, and refurb impacts for components active in Cycle 2.
B34: Cycle 3 Impact (kg CO₂-eq) | D34: Includes allocated manufacturing, disposal, and refurb impacts for components active in Cycle 3.
B35: Total System Impact (kg CO₂-eq) | C35: =SUM(C32:C34) -> 0 | D35: Allocated using CELD triangular method to account for reused components.
B36: Impact per year (kg CO₂-eq/year) | C36: =C35/C13 -> 0 | D36: over the period of 30 years
B37: Reduction vs Baseline (%) | C37: =(C27-C35)/C27 -> #VALUE!
B39: Scenario 3: Maximum Remanufacturing
B40: Metric | C40: Value | D40: Notes
B41: Cycle 1 Impact (kg CO₂-eq) | D41: Includes allocated manufacturing, disposal, and refurb impacts for components active in Cycle 1.
B42: Cycle 2 Impact (kg CO₂-eq) | D42: Includes allocated manufacturing, disposal, and refurb impacts for components active in Cycle 2.
B43: Cycle 3 Impact (kg CO₂-eq) | D43: Includes allocated manufacturing, disposal, and refurb impacts for components active in Cycle 3.
B44: Total System Impact (kg CO2-eq) | C44: =SUM(C41:C43) -> 0 | D44: Allocated using CELD triangular method to account for reused components.
B45: Impact per year (kg CO₂-eq/year) | C45: =C44/C13 -> 0 | D45: over the period of 30 years
B46: Reduction vs Baseline (%) | C46: =(C27-C44)/C27 -> #VALUE!

Sheet Allocation Method Description
A1: CELD Allocation Method
A2: Impacts are distributed proportionally based on how many years the component is active in each cycle. A component used longer in a cycle receives a larger share of the impact for that cycle. Manufacturing, EOL disposal and refurbishing impacts follow the same proportional logic. (Linear Digression) Refurbishing is split equally between the cycles that the component is used in.
A8: Cut-off Allocation Method
A9: Each impact is assigned fully to the cycle where the event occurs. Manufacturing is allocated to the first cycle in which the component is used. EOL disposal is allocated to the final cycle in which the component is active. Refurbishing is assigned to the cycle the component continues into after refurbishment.
A15: Equal Distribution Method
A16: Impacts are spread evenly across all cycles in which the component is active. If the component operates in one cycle, that cycle receives the full impact. If active in two cycles, each receives half of the impact. If active in three cycles, each receives one third of the impact.
